Workbook

Sheet Cmi
B1: Initial Conduction Velocity | C1: Slowing 0Hz-0.25Hz | D1: Slowing 0.25Hz-2Hz | E1: % Recovery at 30s | F1: Time to 50% Recovery
A2: gPump | B2: 0 | C2: -3 | D2: -2 | E2: -3 | F2: -2
A3: gNav17 | B3: 1 | C3: 1 | D3: -1 | E3: -1 | F3: 0
A4: gNav18 | B4: 1 | C4: 2 | D4: 0 | E4: 1 | F4: 0
A5: gNav19 | B5: 0 | C5: 1 | D5: 1 | E5: 0 | F5: 1
A6: gKs | B6: 0 | C6: -2 | D6: -1 | E6: -1 | F6: -2
A7: gKf | B7: 0 | C7: 1 | D7: 0 | E7: 0 | F7: 0
A8: gH | B8: -1 | C8: -1 | D8: 1 | E8: 0 | F8: -1
A9: gKdr | B9: -1 | C9: 2 | D9: 2 | E9: 2 | F9: -1
A10: gKna | B10: 0 | C10: 2 | D10: 2 | E10: 3 | F10: 0
A12: Expected
A15: -3 | B15: Change of <-30% | C15: within changing conductance by [-20%, 25%]
A16: -2 | B16: Change of ca. -10% | C16: within changing conductance by [-20%, 25%]
A17: -1 | B17: Change of ca. -1% | C17: within changing conductance by [-20%, 25%]
A18: 0 | B18: No or inconclusive change | C18: within changing conductance by [-20%, 25%]
A19: 1 | B19: Change of ca. 1% | C19: within changing conductance by [-20%, 25%]
A20: 2 | B20: Change of ca. 10% | C20: within changing conductance by [-20%, 25%]
A21: 3 | B21: Change of >30% | C21: within changing conductance by [-20%, 25%]

Sheet Cm
B1: Initial Conduction Velocity | C1: Slowing 0Hz-0.25Hz | D1: Slowing 0.25Hz-2Hz | E1: % Recovery at 30s | F1: Time to 50% Recovery
A2: gPump | B2: 0 | C2: -2 | D2: -2 | E2: -2 | F2: -2
A3: gNav17 | B3: 1 | C3: 1 | D3: -1 | E3: -1 | F3: 0
A4: gNav18 | B4: 1 | C4: 2 | D4: 1 | E4: 1 | F4: 0
A5: gNav19 | B5: 0 | C5: 0 | D5: 0 | E5: 0 | F5: 0
A6: gKs | B6: -1 | C6: -3 | D6: -2 | E6: -3 | F6: -2
A7: gKf | B7: 0 | C7: 1 | D7: 1 | E7: 1 | F7: 0
A8: gH | B8: -1 | C8: 0 | D8: -2 | E8: -2 | F8: -1
A9: gKdr | B9: -1 | C9: 2 | D9: 2 | E9: 2 | F9: 0
A10: gKna | B10: 0 | C10: 2 | D10: 3 | E10: 3 | F10: 2
A12: Expected
A15: -3 | B15: Change of <-30% | C15: within changing conductance by [-20%, 25%]
A16: -2 | B16: Change of ca. -10% | C16: within changing conductance by [-20%, 25%]
A17: -1 | B17: Change of ca. -1% | C17: within changing conductance by [-20%, 25%]
A18: 0 | B18: No or inconclusive change | C18: within changing conductance by [-20%, 25%]
A19: 1 | B19: Change of ca. 1% | C19: within changing conductance by [-20%, 25%]
A20: 2 | B20: Change of ca. 10% | C20: within changing conductance by [-20%, 25%]
A21: 3 | B21: Change of >30% | C21: within changing conductance by [-20%, 25%]

Sheet Difference
A1: Difference between Cmi, Cm | B1: Initial Conduction Velocity | C1: Slowing 0Hz-0.25Hz | D1: Slowing 0.25Hz-2Hz | E1: % Recovery at 30s | F1: Time to 50% Recovery
A2: gPump | B2: =Cmi!B2-[1]Cm!B2 -> 0 | C2: =Cmi!C2-[1]Cm!C2 -> -1 | D2: =Cmi!D2-[1]Cm!D2 -> 0 | E2: =Cmi!E2-[1]Cm!E2 -> -1 | F2: =Cmi!F2-[1]Cm!F2 -> 0
A3: gNav17 | B3: =Cmi!B3-[1]Cm!B3 -> 0 | C3: =Cmi!C3-[1]Cm!C3 -> 0 | D3: =Cmi!D3-[1]Cm!D3 -> 0 | E3: =Cmi!E3-[1]Cm!E3 -> 0 | F3: =Cmi!F3-[1]Cm!F3 -> 0
A4: gNav18 | B4: =Cmi!B4-[1]Cm!B4 -> 0 | C4: =Cmi!C4-[1]Cm!C4 -> 0 | D4: =Cmi!D4-[1]Cm!D4 -> -1 | E4: =Cmi!E4-[1]Cm!E4 -> 0 | F4: =Cmi!F4-[1]Cm!F4 -> 0
A5: gNav19 | B5: =Cmi!B5-[1]Cm!B5 -> 0 | C5: =Cmi!C5-[1]Cm!C5 -> 1 | D5: =Cmi!D5-[1]Cm!D5 -> 1 | E5: =Cmi!E5-[1]Cm!E5 -> 0 | F5: =Cmi!F5-[1]Cm!F5 -> 1
A6: gKs | B6: =Cmi!B6-[1]Cm!B6 -> 1 | C6: =Cmi!C6-[1]Cm!C6 -> 1 | D6: =Cmi!D6-[1]Cm!D6 -> 1 | E6: =Cmi!E6-[1]Cm!E6 -> 2 | F6: =Cmi!F6-[1]Cm!F6 -> 0
A7: gKf | B7: =Cmi!B7-[1]Cm!B7 -> 0 | C7: =Cmi!C7-[1]Cm!C7 -> 0 | D7: =Cmi!D7-[1]Cm!D7 -> -1 | E7: =Cmi!E7-[1]Cm!E7 -> -1 | F7: =Cmi!F7-[1]Cm!F7 -> 0
A8: gH | B8: =Cmi!B8-[1]Cm!B8 -> 0 | C8: =Cmi!C8-[1]Cm!C8 -> -1 | D8: =Cmi!D8-[1]Cm!D8 -> 3 | E8: =Cmi!E8-[1]Cm!E8 -> 2 | F8: =Cmi!F8-[1]Cm!F8 -> 0
A9: gKdr | B9: =Cmi!B9-[1]Cm!B9 -> 0 | C9: =Cmi!C9-[1]Cm!C9 -> 0 | D9: =Cmi!D9-[1]Cm!D9 -> 0 | E9: =Cmi!E9-[1]Cm!E9 -> 0 | F9: =Cmi!F9-[1]Cm!F9 -> -1
A10: gKna | B10: =Cmi!B10-[1]Cm!B10 -> 0 | C10: =Cmi!C10-[1]Cm!C10 -> 0 | D10: =Cmi!D10-[1]Cm!D10 -> -1 | E10: =Cmi!E10-[1]Cm!E10 -> 0 | F10: =Cmi!F10-[1]Cm!F10 -> -2
A12: Will this help us somehow?
A13: Make the scales different as we now operate differences of ratios which do not work mathematically
